{
    "V1": -3.043540624,
    "V2": -3.1573071209,
    "V3": 1.08846278,
    "V4": 2.2886436184,
    "V5": 1.3598051297,
    "V6": -1.064822523,
    "V7": 0.3255742662,
    "V8": -0.0677936532,
    "V9": -0.2709528362,
    "V10": -0.8385865646,
    "V11": -0.4145754483,
    "V12": -0.5031408596,
    "V13": 0.6765015446,
    "V14": -1.6920289331,
    "V15": 2.0006348391,
    "V16": 0.6667796959,
    "V17": 0.5997174138,
    "V18": 1.7253210075,
    "V19": 0.2833448301,
    "V20": 2.1023387926,
    "V21": 0.6616959248,
    "V22": 0.435477209,
    "V23": 1.3759657425,
    "V24": -0.2938031527,
    "V25": 0.2797980318,
    "V26": -0.1453617148,
    "V27": -0.2527731225,
    "V28": 0.0357642252,
    "Amount": 1.7617582036,
    "Class": 1.0
}